<?xml version="1.0" encoding="UTF-8"?>
<!DOCTYPE suite SYSTEM "http://testng.org/testng-1.0.dtd">
<suite name="All Test Suite">
    <test verbose="2" preserve-order="true" name="C:/Users/aqsa/IdeaProjects/signpage">
        <classes>
<!--            <class name="profile.intialtest">-->
<!--                <methods>-->
<!--                    <include name="signin"/>-->
<!--                    <include name="signout"/>-->
<!--                </methods>-->
<!--            </class>-->
<!--        </classes>-->
    </test>
</suite>